<?xml version="1.0" encoding="UTF-8"?>
<export version="D">
  <design>
    <source>C:\Users\thollis\Google Drive\Motor_Controller\Motor_Controller\Motor_Controller.sch</source>
    <date>9/7/2021 3:47:02 PM</date>
    <tool>Eeschema (5.1.10)-1</tool>
    <sheet number="1" name="/" tstamps="/">
      <title_block>
        <title>Motor Controller</title>
        <company>Offset Power</company>
        <rev>A0</rev>
        <date/>
        <source>Motor_Controller.sch</source>
        <comment number="1" value=""/>
        <comment number="2" value=""/>
        <comment number="3" value=""/>
        <comment number="4" value=""/>
      </title_block>
    </sheet>
  </design>
  <components>
    <comp ref="U1">
      <value>LTC7060IMSE</value>
      <footprint>Package_SO:MSOP-12-1EP_3x4mm_P0.65mm_EP1.65x2.85mm</footprint>
      <libsource lib="Project_Library" part="LTC7060IMSE" description="100V Half-Bridge Driver with Floating Grounds and Adjustable Dead-Time"/>
      <sheetpath names="/" tstamps="/"/>
      <tstamp>61379FCB</tstamp>
    </comp>
    <comp ref="R1">
      <value>51K</value>
      <footprint>Resistor_SMD:R_1206_3216Metric_Pad1.30x1.75mm_HandSolder</footprint>
      <datasheet>~</datasheet>
      <libsource lib="Device" part="R" description="Resistor"/>
      <sheetpath names="/" tstamps="/"/>
      <tstamp>6137C261</tstamp>
    </comp>
    <comp ref="D1">
      <value>D_Schottky</value>
      <footprint>Diode_SMD:D_SOD-123F</footprint>
      <datasheet>~</datasheet>
      <libsource lib="Device" part="D_Schottky" description="Schottky diode"/>
      <sheetpath names="/" tstamps="/"/>
      <tstamp>6137DC4A</tstamp>
    </comp>
    <comp ref="Q2">
      <value>DMG4800LK3</value>
      <footprint>Package_TO_SOT_SMD:TO-252-2</footprint>
      <libsource lib="Project_Library" part="DMG4800LK3" description=""/>
      <sheetpath names="/" tstamps="/"/>
      <tstamp>61388C72</tstamp>
    </comp>
    <comp ref="Q1">
      <value>DMG4800LK3</value>
      <footprint>Package_TO_SOT_SMD:TO-252-2</footprint>
      <libsource lib="Project_Library" part="DMG4800LK3" description=""/>
      <sheetpath names="/" tstamps="/"/>
      <tstamp>61389410</tstamp>
    </comp>
    <comp ref="U2">
      <value>LTC7060IMSE</value>
      <footprint>Package_SO:MSOP-12-1EP_3x4mm_P0.65mm_EP1.65x2.85mm</footprint>
      <libsource lib="Project_Library" part="LTC7060IMSE" description="100V Half-Bridge Driver with Floating Grounds and Adjustable Dead-Time"/>
      <sheetpath names="/" tstamps="/"/>
      <tstamp>61396160</tstamp>
    </comp>
    <comp ref="R2">
      <value>51K</value>
      <footprint>Resistor_SMD:R_1206_3216Metric_Pad1.30x1.75mm_HandSolder</footprint>
      <datasheet>~</datasheet>
      <libsource lib="Device" part="R" description="Resistor"/>
      <sheetpath names="/" tstamps="/"/>
      <tstamp>61396278</tstamp>
    </comp>
    <comp ref="D2">
      <value>D_Schottky</value>
      <footprint>Diode_SMD:D_SOD-123F</footprint>
      <datasheet>~</datasheet>
      <libsource lib="Device" part="D_Schottky" description="Schottky diode"/>
      <sheetpath names="/" tstamps="/"/>
      <tstamp>61396298</tstamp>
    </comp>
    <comp ref="Q4">
      <value>DMG4800LK3</value>
      <footprint>Package_TO_SOT_SMD:TO-252-2</footprint>
      <libsource lib="Project_Library" part="DMG4800LK3" description=""/>
      <sheetpath names="/" tstamps="/"/>
      <tstamp>613962A9</tstamp>
    </comp>
    <comp ref="Q3">
      <value>DMG4800LK3</value>
      <footprint>Package_TO_SOT_SMD:TO-252-2</footprint>
      <libsource lib="Project_Library" part="DMG4800LK3" description=""/>
      <sheetpath names="/" tstamps="/"/>
      <tstamp>613962B3</tstamp>
    </comp>
    <comp ref="TP5">
      <value>PowerTab</value>
      <footprint>TestPoint:TestPoint_THTPad_D4.0mm_Drill2.0mm</footprint>
      <libsource lib="Project_Library" part="PowerTab" description=""/>
      <sheetpath names="/" tstamps="/"/>
      <tstamp>613BD6F0</tstamp>
    </comp>
    <comp ref="TP2">
      <value>PowerTab</value>
      <footprint>TestPoint:TestPoint_THTPad_D4.0mm_Drill2.0mm</footprint>
      <libsource lib="Project_Library" part="PowerTab" description=""/>
      <sheetpath names="/" tstamps="/"/>
      <tstamp>613C0F74</tstamp>
    </comp>
    <comp ref="U3">
      <value>LM358</value>
      <footprint>Package_SO:MSOP-8_3x3mm_P0.65mm</footprint>
      <datasheet>http://www.ti.com/lit/ds/symlink/lm2904-n.pdf</datasheet>
      <libsource lib="Amplifier_Operational" part="LM358" description="Low-Power, Dual Operational Amplifiers, DIP-8/SOIC-8/TO-99-8"/>
      <sheetpath names="/" tstamps="/"/>
      <tstamp>613C34AC</tstamp>
    </comp>
    <comp ref="C1">
      <value>100N</value>
      <footprint>Capacitor_SMD:C_0603_1608Metric_Pad1.08x0.95mm_HandSolder</footprint>
      <datasheet>~</datasheet>
      <libsource lib="Device" part="C" description="Unpolarized capacitor"/>
      <sheetpath names="/" tstamps="/"/>
      <tstamp>613CD83B</tstamp>
    </comp>
    <comp ref="R3">
      <value>100K</value>
      <footprint>Resistor_SMD:R_1206_3216Metric_Pad1.30x1.75mm_HandSolder</footprint>
      <datasheet>~</datasheet>
      <libsource lib="Device" part="R" description="Resistor"/>
      <sheetpath names="/" tstamps="/"/>
      <tstamp>613D5AF6</tstamp>
    </comp>
    <comp ref="R4">
      <value>100K</value>
      <footprint>Resistor_SMD:R_1206_3216Metric_Pad1.30x1.75mm_HandSolder</footprint>
      <datasheet>~</datasheet>
      <libsource lib="Device" part="R" description="Resistor"/>
      <sheetpath names="/" tstamps="/"/>
      <tstamp>613D84AF</tstamp>
    </comp>
    <comp ref="R5">
      <value>1K</value>
      <footprint>Resistor_SMD:R_1206_3216Metric_Pad1.30x1.75mm_HandSolder</footprint>
      <datasheet>~</datasheet>
      <libsource lib="Device" part="R" description="Resistor"/>
      <sheetpath names="/" tstamps="/"/>
      <tstamp>613FFB15</tstamp>
    </comp>
    <comp ref="R6">
      <value>1K</value>
      <footprint>Resistor_SMD:R_1206_3216Metric_Pad1.30x1.75mm_HandSolder</footprint>
      <datasheet>~</datasheet>
      <libsource lib="Device" part="R" description="Resistor"/>
      <sheetpath names="/" tstamps="/"/>
      <tstamp>61402C6F</tstamp>
    </comp>
    <comp ref="R8">
      <value>17K4</value>
      <footprint>Resistor_SMD:R_1206_3216Metric_Pad1.30x1.75mm_HandSolder</footprint>
      <datasheet>~</datasheet>
      <libsource lib="Device" part="R" description="Resistor"/>
      <sheetpath names="/" tstamps="/"/>
      <tstamp>6140DB04</tstamp>
    </comp>
    <comp ref="R7">
      <value>17K4</value>
      <footprint>Resistor_SMD:R_1206_3216Metric_Pad1.30x1.75mm_HandSolder</footprint>
      <datasheet>~</datasheet>
      <libsource lib="Device" part="R" description="Resistor"/>
      <sheetpath names="/" tstamps="/"/>
      <tstamp>61414896</tstamp>
    </comp>
    <comp ref="R9">
      <value>2L</value>
      <footprint>Project_Library:CSS2H-3920K-2L00FE</footprint>
      <datasheet>~</datasheet>
      <libsource lib="Device" part="R" description="Resistor"/>
      <sheetpath names="/" tstamps="/"/>
      <tstamp>6143450B</tstamp>
    </comp>
    <comp ref="TP3">
      <value>PowerTab</value>
      <footprint>TestPoint:TestPoint_THTPad_D4.0mm_Drill2.0mm</footprint>
      <libsource lib="Project_Library" part="PowerTab" description=""/>
      <sheetpath names="/" tstamps="/"/>
      <tstamp>61480A02</tstamp>
    </comp>
    <comp ref="TP4">
      <value>PowerTab</value>
      <footprint>TestPoint:TestPoint_THTPad_D4.0mm_Drill2.0mm</footprint>
      <libsource lib="Project_Library" part="PowerTab" description=""/>
      <sheetpath names="/" tstamps="/"/>
      <tstamp>61480C84</tstamp>
    </comp>
    <comp ref="C2">
      <value>470U</value>
      <footprint>Capacitor_SMD:CP_Elec_16x22</footprint>
      <datasheet>~</datasheet>
      <libsource lib="Device" part="C" description="Unpolarized capacitor"/>
      <sheetpath names="/" tstamps="/"/>
      <tstamp>6149DADD</tstamp>
    </comp>
    <comp ref="C3">
      <value>10U</value>
      <footprint>Capacitor_SMD:CP_Elec_4x5.4</footprint>
      <datasheet>~</datasheet>
      <libsource lib="Device" part="C" description="Unpolarized capacitor"/>
      <sheetpath names="/" tstamps="/"/>
      <tstamp>614A27EE</tstamp>
    </comp>
    <comp ref="TP1">
      <value>PowerTab</value>
      <footprint>TestPoint:TestPoint_THTPad_D4.0mm_Drill2.0mm</footprint>
      <libsource lib="Project_Library" part="PowerTab" description=""/>
      <sheetpath names="/" tstamps="/"/>
      <tstamp>614DA77A</tstamp>
    </comp>
    <comp ref="U4">
      <value>RT9064-50GV</value>
      <footprint>Package_TO_SOT_SMD:SOT-23</footprint>
      <libsource lib="Project_Library" part="RT9064-50GV" description=""/>
      <sheetpath names="/" tstamps="/"/>
      <tstamp>61502703</tstamp>
    </comp>
    <comp ref="C4">
      <value>100N</value>
      <footprint>Capacitor_SMD:C_0603_1608Metric_Pad1.08x0.95mm_HandSolder</footprint>
      <datasheet>~</datasheet>
      <libsource lib="Device" part="C" description="Unpolarized capacitor"/>
      <sheetpath names="/" tstamps="/"/>
      <tstamp>61514B7C</tstamp>
    </comp>
    <comp ref="U5">
      <value>PI4ULS5V201TAEX</value>
      <footprint>Package_TO_SOT_SMD:SOT-23-6</footprint>
      <libsource lib="Project_Library" part="PI4ULS5V201TAEX" description=""/>
      <sheetpath names="/" tstamps="/"/>
      <tstamp>6152448F</tstamp>
    </comp>
    <comp ref="J1">
      <value>I/O</value>
      <footprint>Connector_PinHeader_2.54mm:PinHeader_1x04_P2.54mm_Vertical</footprint>
      <datasheet>~</datasheet>
      <libsource lib="Connector_Generic" part="Conn_01x04" description="Generic connector, single row, 01x04, script generated (kicad-library-utils/schlib/autogen/connector/)"/>
      <sheetpath names="/" tstamps="/"/>
      <tstamp>6154EBA4</tstamp>
    </comp>
  </components>
  <libparts>
    <libpart lib="Amplifier_Operational" part="LM2904">
      <aliases>
        <alias>LM358</alias>
        <alias>AD8620</alias>
        <alias>LMC6062</alias>
        <alias>LMC6082</alias>
        <alias>TL062</alias>
        <alias>TL072</alias>
        <alias>TL082</alias>
        <alias>NE5532</alias>
        <alias>SA5532</alias>
        <alias>RC4558</alias>
        <alias>RC4560</alias>
        <alias>RC4580</alias>
        <alias>LMV358</alias>
        <alias>TS912</alias>
        <alias>TSV912IDT</alias>
        <alias>TSV912IST</alias>
        <alias>TLC272</alias>
        <alias>TLC277</alias>
        <alias>MCP602</alias>
        <alias>OPA1678</alias>
        <alias>OPA2134</alias>
        <alias>OPA2340</alias>
        <alias>OPA2376xxD</alias>
        <alias>OPA2376xxDGK</alias>
        <alias>MC33078</alias>
        <alias>MC33178</alias>
        <alias>LM4562</alias>
        <alias>OP249</alias>
        <alias>OP275</alias>
        <alias>ADA4075-2</alias>
        <alias>MCP6002-xP</alias>
        <alias>MCP6002-xSN</alias>
        <alias>MCP6002-xMS</alias>
        <alias>LM7332</alias>
        <alias>OPA2333xxD</alias>
        <alias>OPA2333xxDGK</alias>
        <alias>LMC6482</alias>
        <alias>LT1492</alias>
        <alias>LTC6081xMS8</alias>
        <alias>LM6172</alias>
        <alias>MCP6L92</alias>
        <alias>NJM2043</alias>
        <alias>NJM2114</alias>
        <alias>NJM4556A</alias>
        <alias>NJM4558</alias>
        <alias>NJM4559</alias>
        <alias>NJM4560</alias>
        <alias>NJM4580</alias>
        <alias>NJM5532</alias>
        <alias>ADA4807-2ARM</alias>
        <alias>OPA2691</alias>
        <alias>LT6234</alias>
        <alias>OPA2356xxD</alias>
        <alias>OPA2356xxDGK</alias>
        <alias>OPA1612AxD</alias>
        <alias>MC33172</alias>
        <alias>OPA1602</alias>
        <alias>TLV2372</alias>
        <alias>LT6237</alias>
        <alias>OPA2277</alias>
        <alias>MCP6022</alias>
        <alias>MCP6V67EMS</alias>
      </aliases>
      <description>Dual Operational Amplifiers, DIP-8/SOIC-8/TSSOP-8/VSSOP-8</description>
      <docs>http://www.ti.com/lit/ds/symlink/lm358.pdf</docs>
      <footprints>
        <fp>SOIC*3.9x4.9mm*P1.27mm*</fp>
        <fp>DIP*W7.62mm*</fp>
        <fp>TO*99*</fp>
        <fp>OnSemi*Micro8*</fp>
        <fp>TSSOP*3x3mm*P0.65mm*</fp>
        <fp>TSSOP*4.4x3mm*P0.65mm*</fp>
        <fp>MSOP*3x3mm*P0.65mm*</fp>
        <fp>SSOP*3.9x4.9mm*P0.635mm*</fp>
        <fp>LFCSP*2x2mm*P0.5mm*</fp>
        <fp>*SIP*</fp>
        <fp>SOIC*5.3x6.2mm*P1.27mm*</fp>
      </footprints>
      <fields>
        <field name="Reference">U</field>
        <field name="Value">LM2904</field>
      </fields>
      <pins>
        <pin num="1" name="~" type="output"/>
        <pin num="2" name="-" type="input"/>
        <pin num="3" name="+" type="input"/>
        <pin num="4" name="V-" type="power_in"/>
        <pin num="5" name="+" type="input"/>
        <pin num="6" name="-" type="input"/>
        <pin num="7" name="~" type="output"/>
        <pin num="8" name="V+" type="power_in"/>
      </pins>
    </libpart>
    <libpart lib="Connector_Generic" part="Conn_01x04">
      <description>Generic connector, single row, 01x04, script generated (kicad-library-utils/schlib/autogen/connector/)</description>
      <docs>~</docs>
      <footprints>
        <fp>Connector*:*_1x??_*</fp>
      </footprints>
      <fields>
        <field name="Reference">J</field>
        <field name="Value">Conn_01x04</field>
      </fields>
      <pins>
        <pin num="1" name="Pin_1" type="passive"/>
        <pin num="2" name="Pin_2" type="passive"/>
        <pin num="3" name="Pin_3" type="passive"/>
        <pin num="4" name="Pin_4" type="passive"/>
      </pins>
    </libpart>
    <libpart lib="Device" part="C">
      <description>Unpolarized capacitor</description>
      <docs>~</docs>
      <footprints>
        <fp>C_*</fp>
      </footprints>
      <fields>
        <field name="Reference">C</field>
        <field name="Value">C</field>
      </fields>
      <pins>
        <pin num="1" name="~" type="passive"/>
        <pin num="2" name="~" type="passive"/>
      </pins>
    </libpart>
    <libpart lib="Device" part="D_Schottky">
      <description>Schottky diode</description>
      <docs>~</docs>
      <footprints>
        <fp>TO-???*</fp>
        <fp>*_Diode_*</fp>
        <fp>*SingleDiode*</fp>
        <fp>D_*</fp>
      </footprints>
      <fields>
        <field name="Reference">D</field>
        <field name="Value">D_Schottky</field>
      </fields>
      <pins>
        <pin num="1" name="K" type="passive"/>
        <pin num="2" name="A" type="passive"/>
      </pins>
    </libpart>
    <libpart lib="Device" part="R">
      <description>Resistor</description>
      <docs>~</docs>
      <footprints>
        <fp>R_*</fp>
      </footprints>
      <fields>
        <field name="Reference">R</field>
        <field name="Value">R</field>
      </fields>
      <pins>
        <pin num="1" name="~" type="passive"/>
        <pin num="2" name="~" type="passive"/>
      </pins>
    </libpart>
    <libpart lib="Project_Library" part="DMG4800LK3">
      <fields>
        <field name="Reference">Q</field>
        <field name="Value">DMG4800LK3</field>
        <field name="Footprint">Package_TO_SOT_SMD:TO-252-2</field>
      </fields>
      <pins>
        <pin num="1" name="G" type="input"/>
        <pin num="2" name="D" type="passive"/>
        <pin num="3" name="S" type="passive"/>
      </pins>
    </libpart>
    <libpart lib="Project_Library" part="LTC7060IMSE">
      <description>100V Half-Bridge Driver with Floating Grounds and Adjustable Dead-Time</description>
      <fields>
        <field name="Reference">U</field>
        <field name="Value">LTC7060IMSE</field>
        <field name="Footprint">Package_SO:MSOP-12-1EP_3x4mm_P0.65mm_EP1.65x2.85mm</field>
      </fields>
      <pins>
        <pin num="1" name="PWM" type="input"/>
        <pin num="2" name="EN" type="input"/>
        <pin num="3" name="~FLT~" type="input"/>
        <pin num="4" name="DT" type="input"/>
        <pin num="5" name="Vcc" type="input"/>
        <pin num="6" name="BGVcc" type="input"/>
        <pin num="7" name="BGRTN" type="input"/>
        <pin num="8" name="BG" type="input"/>
        <pin num="9" name="NC" type="input"/>
        <pin num="10" name="SW" type="input"/>
        <pin num="11" name="TG" type="input"/>
        <pin num="12" name="BST" type="input"/>
        <pin num="13" name="SGND" type="input"/>
      </pins>
    </libpart>
    <libpart lib="Project_Library" part="PI4ULS5V201TAEX">
      <fields>
        <field name="Reference">U</field>
        <field name="Value">PI4ULS5V201TAEX</field>
        <field name="Footprint">Package_TO_SOT_SMD:SOT-23-6</field>
      </fields>
      <pins>
        <pin num="1" name="A" type="BiDi"/>
        <pin num="2" name="GND" type="power_in"/>
        <pin num="3" name="VCCA" type="power_in"/>
        <pin num="4" name="VCCB" type="power_in"/>
        <pin num="5" name="B" type="BiDi"/>
        <pin num="6" name="EN" type="input"/>
      </pins>
    </libpart>
    <libpart lib="Project_Library" part="PowerTab">
      <fields>
        <field name="Reference">TP</field>
        <field name="Value">PowerTab</field>
        <field name="Footprint">TestPoint:TestPoint_THTPad_D4.0mm_Drill2.0mm</field>
      </fields>
      <pins>
        <pin num="1" name="Tab" type="passive"/>
      </pins>
    </libpart>
    <libpart lib="Project_Library" part="RT9064-50GV">
      <fields>
        <field name="Reference">U</field>
        <field name="Value">RT9064-50GV</field>
        <field name="Footprint">Package_TO_SOT_SMD:SOT-23</field>
      </fields>
      <pins>
        <pin num="1" name="VCC" type="passive"/>
        <pin num="2" name="Vout" type="passive"/>
        <pin num="3" name="GND" type="passive"/>
      </pins>
    </libpart>
  </libparts>
  <libraries>
    <library logical="Amplifier_Operational">
      <uri>C:\Program Files\KiCad\share\kicad\library/Amplifier_Operational.lib</uri>
    </library>
    <library logical="Connector_Generic">
      <uri>C:\Program Files\KiCad\share\kicad\library/Connector_Generic.lib</uri>
    </library>
    <library logical="Device">
      <uri>C:\Program Files\KiCad\share\kicad\library/Device.lib</uri>
    </library>
    <library logical="Project_Library">
      <uri>C:\Users\thollis\Google Drive\Motor_Controller\Motor_Controller/Project_Library.lib</uri>
    </library>
  </libraries>
  <nets>
    <net code="1" name="Net-(R6-Pad1)">
      <node ref="R6" pin="1"/>
      <node ref="R7" pin="2"/>
      <node ref="U3" pin="3"/>
    </net>
    <net code="2" name="I_SENSE">
      <node ref="R8" pin="1"/>
      <node ref="J1" pin="3"/>
      <node ref="U3" pin="1"/>
    </net>
    <net code="3" name="Net-(R5-Pad1)">
      <node ref="U3" pin="2"/>
      <node ref="R5" pin="1"/>
      <node ref="R8" pin="2"/>
    </net>
    <net code="4" name="CSR-">
      <node ref="TP1" pin="1"/>
      <node ref="R9" pin="1"/>
      <node ref="R5" pin="2"/>
    </net>
    <net code="5" name="CSR+">
      <node ref="Q1" pin="3"/>
      <node ref="Q2" pin="2"/>
      <node ref="R9" pin="2"/>
      <node ref="R6" pin="2"/>
      <node ref="U1" pin="10"/>
    </net>
    <net code="6" name="Net-(R3-Pad2)">
      <node ref="U3" pin="5"/>
      <node ref="R4" pin="1"/>
      <node ref="R3" pin="2"/>
    </net>
    <net code="7" name="Net-(R7-Pad1)">
      <node ref="R7" pin="1"/>
      <node ref="U3" pin="6"/>
      <node ref="U3" pin="7"/>
    </net>
    <net code="8" name="+3V3">
      <node ref="J1" pin="1"/>
      <node ref="U5" pin="3"/>
      <node ref="R3" pin="1"/>
      <node ref="U3" pin="8"/>
      <node ref="C1" pin="1"/>
    </net>
    <net code="9" name="PWM">
      <node ref="U5" pin="5"/>
      <node ref="U2" pin="1"/>
      <node ref="U1" pin="1"/>
    </net>
    <net code="10" name="PWM_IN">
      <node ref="U5" pin="1"/>
      <node ref="J1" pin="2"/>
    </net>
    <net code="11" name="+5V">
      <node ref="U5" pin="4"/>
      <node ref="U4" pin="2"/>
      <node ref="C4" pin="2"/>
      <node ref="U5" pin="6"/>
    </net>
    <net code="12" name="Vdrive">
      <node ref="C2" pin="1"/>
      <node ref="TP5" pin="1"/>
      <node ref="Q1" pin="2"/>
      <node ref="Q3" pin="2"/>
    </net>
    <net code="13" name="GND">
      <node ref="U1" pin="13"/>
      <node ref="U1" pin="4"/>
      <node ref="U2" pin="4"/>
      <node ref="U1" pin="7"/>
      <node ref="U2" pin="13"/>
      <node ref="U2" pin="10"/>
      <node ref="Q4" pin="3"/>
      <node ref="U3" pin="4"/>
      <node ref="U4" pin="3"/>
      <node ref="C4" pin="1"/>
      <node ref="C2" pin="2"/>
      <node ref="C3" pin="2"/>
      <node ref="J1" pin="4"/>
      <node ref="U5" pin="2"/>
      <node ref="C1" pin="2"/>
      <node ref="Q2" pin="3"/>
      <node ref="R4" pin="2"/>
      <node ref="TP4" pin="1"/>
    </net>
    <net code="14" name="VCC">
      <node ref="R2" pin="2"/>
      <node ref="D1" pin="2"/>
      <node ref="TP3" pin="1"/>
      <node ref="U2" pin="2"/>
      <node ref="D2" pin="2"/>
      <node ref="U1" pin="2"/>
      <node ref="U4" pin="1"/>
      <node ref="U1" pin="5"/>
      <node ref="U1" pin="6"/>
      <node ref="U2" pin="6"/>
      <node ref="R1" pin="2"/>
      <node ref="U2" pin="5"/>
      <node ref="C3" pin="1"/>
    </net>
    <net code="15" name="Net-(Q2-Pad1)">
      <node ref="Q2" pin="1"/>
      <node ref="U1" pin="8"/>
    </net>
    <net code="16" name="Net-(D1-Pad1)">
      <node ref="U1" pin="12"/>
      <node ref="D1" pin="1"/>
    </net>
    <net code="17" name="Net-(R2-Pad1)">
      <node ref="U2" pin="3"/>
      <node ref="R2" pin="1"/>
    </net>
    <net code="18" name="Net-(D2-Pad1)">
      <node ref="U2" pin="12"/>
      <node ref="D2" pin="1"/>
    </net>
    <net code="19" name="Net-(Q1-Pad1)">
      <node ref="Q1" pin="1"/>
      <node ref="U1" pin="11"/>
    </net>
    <net code="20" name="Net-(U1-Pad9)">
      <node ref="U1" pin="9"/>
    </net>
    <net code="21" name="Net-(R1-Pad1)">
      <node ref="U1" pin="3"/>
      <node ref="R1" pin="1"/>
    </net>
    <net code="22" name="Net-(Q3-Pad3)">
      <node ref="U2" pin="7"/>
      <node ref="Q3" pin="3"/>
      <node ref="Q4" pin="2"/>
      <node ref="TP2" pin="1"/>
    </net>
    <net code="23" name="Net-(Q3-Pad1)">
      <node ref="Q3" pin="1"/>
      <node ref="U2" pin="8"/>
    </net>
    <net code="24" name="Net-(Q4-Pad1)">
      <node ref="U2" pin="11"/>
      <node ref="Q4" pin="1"/>
    </net>
    <net code="25" name="Net-(U2-Pad9)">
      <node ref="U2" pin="9"/>
    </net>
  </nets>
</export>
